{
  "best_series": 7,
  "worst_series": 18,
  "highest_mu": 7.881436314363143,
  "lowest_mu": 7.248046875,
  "max_pct_10s": 29.895032497678738,
  "max_pct_10s_series": 7,
  "max_pct_1s": 10.767650918635171,
  "max_pct_1s_series": 18,
  "pc1_explained_var": 0.6847008444885347,
  "pc2_explained_var": 0.2255216381339792,
  "total_explained_var": 0.9102224826225139,
  "total_series": 18,
  "total_episodes": 154,
  "total_votes": 32607,
  "avg_votes_per_series": 1811.5,
  "avg_episodes_per_series": 8.555555555555555,
  "mu_vs_1s_corr": -0.5764565653747858,
  "mu_vs_10s_corr": 0.6950856675474307,
  "quadrant1_count": 7,
  "quadrant2_count": 2,
  "quadrant3_count": 5,
  "quadrant4_count": 4,
  "mixture_residual_min": -0.09971843839630073,
  "mixture_residual_max": 0.11778635067208831,
  "mixture_residual_mean": 0.004024902554339031,
  "mixture_residual_median": 0.0017505899858651114,
  "mixture_residual_std": 0.032124899839294445,
  "mixture_residual_mae": 0.019358759351035433,
  "mixture_residual_rmse": 0.032376056434603416,
  "naive_residual_min": -0.09650930243234093,
  "naive_residual_max": 0.14595183667909922,
  "naive_residual_mean": 0.006906426101221897,
  "naive_residual_median": 0.002324911718685576,
  "naive_residual_std": 0.052345990749007996,
  "naive_residual_mae": 0.03732782058028396,
  "naive_residual_rmse": 0.052799635121720964,
  "mae_improvement": 0.017969061229248524,
  "rmse_improvement": 0.020423578687117548,
  "mae_improvement_pct": 48.138522286885234,
  "rmse_improvement_pct": 38.681287550632334
}