{
  "best_series": 7,
  "worst_series": 10,
  "highest_mu": 7.875179219026736,
  "lowest_mu": 7.266260751908765,
  "max_pct_10s": 29.895032497678734,
  "max_pct_10s_series": 7,
  "max_pct_1s": 10.767650918635171,
  "max_pct_1s_series": 18,
  "pc1_explained_var": 0.666721551622042,
  "pc2_explained_var": 0.22116748559733052,
  "total_explained_var": 0.8878890372193726,
  "total_series": 18,
  "total_episodes": 154,
  "total_votes": 32607,
  "avg_votes_per_series": 1811.5,
  "avg_episodes_per_series": 8.555555555555555,
  "mu_vs_1s_corr": -0.5265639858523036,
  "mu_vs_10s_corr": 0.709467609375992,
  "quadrant1_count": 7,
  "quadrant2_count": 2,
  "quadrant3_count": 5,
  "quadrant4_count": 4
}