{
  "skills": [
    "Creativity",
    "Physical Coordination",
    "Problem Solving",
    "Time Pressure",
    "Originality",
    "Entertainment",
    "Strategic Planning",
    "Adaptability"
  ],
  "tasks": [
    {
      "title": "Guess the number on Alex\u2019s forearm",
      "series": 7,
      "episode": 2,
      "values": [
        0.0,
        0.0,
        0.0,
        0.1111111111111111,
        0.6666666666666666,
        0.7777777777777778,
        0.0,
        1.0
      ]
    },
    {
      "title": "Get dressed while wearing handcuffs",
      "series": 7,
      "episode": 4,
      "values": [
        0.7777777777777778,
        0.8888888888888888,
        0.5555555555555556,
        1.0,
        0.6666666666666666,
        0.8888888888888888,
        0.1111111111111111,
        0.2222222222222222
      ]
    },
    {
      "title": "Recite Pi",
      "series": 16,
      "episode": 2,
      "values": [
        0.0,
        0.0,
        0.7777777777777778,
        0.8888888888888888,
        0.3333333333333333,
        0.5555555555555556,
        0.2222222222222222,
        0.1111111111111111
      ]
    },
    {
      "title": "The present that raises the most questions",
      "series": 16,
      "episode": 3,
      "values": [
        0.8888888888888888,
        0.1111111111111111,
        0.0,
        0.0,
        0.7777777777777778,
        0.8888888888888888,
        1.0,
        0.0
      ]
    }
  ]
}