{
  "total_correlations": 12,
  "mean_correlation": 0.07014060414390731,
  "std_correlation": 0.14568006719212373,
  "min_correlation": -0.15104003175077568,
  "max_correlation": 0.39570451543637614,
  "correlations": {
    "avg_anger": {
      "correlation": 0.09525919349026526,
      "p_value": 0.2399232202348634,
      "abs_correlation": 0.09525919349026526
    },
    "avg_awkwardness": {
      "correlation": -0.15104003175077568,
      "p_value": 0.06150767210324723,
      "abs_correlation": 0.15104003175077568
    },
    "avg_frustration_or_despair": {
      "correlation": 0.03246599359818024,
      "p_value": 0.6893662354379214,
      "abs_correlation": 0.03246599359818024
    },
    "avg_humor": {
      "correlation": -0.009849291196056209,
      "p_value": 0.9035060083834038,
      "abs_correlation": 0.009849291196056209
    },
    "avg_joy_or_excitement": {
      "correlation": -0.018190572349305528,
      "p_value": 0.8228207852221044,
      "abs_correlation": 0.018190572349305528
    },
    "avg_sarcasm": {
      "correlation": -0.011338247859946075,
      "p_value": 0.8890060085837179,
      "abs_correlation": 0.011338247859946075
    },
    "avg_self_deprecation": {
      "correlation": 0.040441315881582736,
      "p_value": 0.6184992159275791,
      "abs_correlation": 0.040441315881582736
    },
    "contestant_avg_age": {
      "correlation": 0.39570451543637614,
      "p_value": 3.785534911865324e-07,
      "abs_correlation": 0.39570451543637614
    },
    "contestant_prop_female": {
      "correlation": 0.10845821807205416,
      "p_value": 0.180597202146518,
      "abs_correlation": 0.10845821807205416
    },
    "contestant_prop_comedians": {
      "correlation": 0.3313165119633983,
      "p_value": 2.7023452382535192e-05,
      "abs_correlation": 0.3313165119633983
    },
    "contestant_nationality_diversity": {
      "correlation": 0.009015740014660366,
      "p_value": 0.9116376798966676,
      "abs_correlation": 0.009015740014660366
    },
    "contestant_avg_experience": {
      "correlation": 0.019443904426454002,
      "p_value": 0.810834786378329,
      "abs_correlation": 0.019443904426454002
    }
  }
}