{
  "total_correlations": 35,
  "mean_correlation": -0.10508691134121181,
  "std_correlation": 0.3206639337176891,
  "min_correlation": -0.6603671636472268,
  "max_correlation": 0.4428379724733605,
  "correlations": {
    "num_episodes": {
      "correlation": -0.43053158315176865,
      "p_value": 0.07449975919463687,
      "abs_correlation": 0.43053158315176865
    },
    "avg_anger_mean": {
      "correlation": 0.2640142360921046,
      "p_value": 0.2897670184004458,
      "abs_correlation": 0.2640142360921046
    },
    "avg_anger_std": {
      "correlation": -0.15905089030067843,
      "p_value": 0.5284430107888165,
      "abs_correlation": 0.15905089030067843
    },
    "avg_awkwardness_mean": {
      "correlation": -0.3136642213042795,
      "p_value": 0.20497287486809285,
      "abs_correlation": 0.3136642213042795
    },
    "avg_awkwardness_std": {
      "correlation": 0.30186031630596294,
      "p_value": 0.22345461069841058,
      "abs_correlation": 0.30186031630596294
    },
    "avg_frustration_or_despair_mean": {
      "correlation": -0.10328327126678799,
      "p_value": 0.6833991893222324,
      "abs_correlation": 0.10328327126678799
    },
    "avg_frustration_or_despair_std": {
      "correlation": 0.11844280912032557,
      "p_value": 0.6397215974119743,
      "abs_correlation": 0.11844280912032557
    },
    "avg_humor_mean": {
      "correlation": -0.059417621245627904,
      "p_value": 0.8148327096268198,
      "abs_correlation": 0.059417621245627904
    },
    "avg_humor_std": {
      "correlation": -0.11935420000726402,
      "p_value": 0.6371295703815915,
      "abs_correlation": 0.11935420000726402
    },
    "avg_joy_or_excitement_mean": {
      "correlation": -0.20154359499683688,
      "p_value": 0.42256997395111817,
      "abs_correlation": 0.20154359499683688
    },
    "avg_joy_or_excitement_std": {
      "correlation": 0.021288040298756472,
      "p_value": 0.9331817369198204,
      "abs_correlation": 0.021288040298756472
    },
    "avg_sarcasm_mean": {
      "correlation": 0.12241106650364282,
      "p_value": 0.6284650985313308,
      "abs_correlation": 0.12241106650364282
    },
    "avg_sarcasm_std": {
      "correlation": -0.4905798194607629,
      "p_value": 0.038727641173591405,
      "abs_correlation": 0.4905798194607629
    },
    "avg_self_deprecation_mean": {
      "correlation": 0.28630400116754723,
      "p_value": 0.24940515753315334,
      "abs_correlation": 0.28630400116754723
    },
    "avg_self_deprecation_std": {
      "correlation": -0.5412379089563155,
      "p_value": 0.02036119939226983,
      "abs_correlation": 0.5412379089563155
    },
    "contestant_avg_age": {
      "correlation": 0.43488316474732047,
      "p_value": 0.07129623073594812,
      "abs_correlation": 0.43488316474732047
    },
    "contestant_std_age": {
      "correlation": -0.274060282908054,
      "p_value": 0.27111184302319014,
      "abs_correlation": 0.274060282908054
    },
    "contestant_age_range": {
      "correlation": -0.1999403220238915,
      "p_value": 0.42634728407715494,
      "abs_correlation": 0.1999403220238915
    },
    "contestant_prop_female": {
      "correlation": 0.027125314538292953,
      "p_value": 0.9149159564600149,
      "abs_correlation": 0.027125314538292953
    },
    "contestant_prop_male": {
      "correlation": 0.27335756114634374,
      "p_value": 0.2723920149486665,
      "abs_correlation": 0.27335756114634374
    },
    "contestant_gender_diversity": {
      "correlation": -0.6293098424605104,
      "p_value": 0.0051380730331615125,
      "abs_correlation": 0.6293098424605104
    },
    "contestant_nationality_diversity": {
      "correlation": -0.0043040014522665315,
      "p_value": 0.9864770252676727,
      "abs_correlation": 0.0043040014522665315
    },
    "contestant_prop_british": {
      "correlation": -0.1155692940728735,
      "p_value": 0.6479198836821705,
      "abs_correlation": 0.1155692940728735
    },
    "contestant_prop_comedians": {
      "correlation": 0.37788779511826737,
      "p_value": 0.1220734912732056,
      "abs_correlation": 0.37788779511826737
    },
    "contestant_prop_actors": {
      "correlation": -0.6214981247144149,
      "p_value": 0.0058998130368701695,
      "abs_correlation": 0.6214981247144149
    },
    "contestant_prop_presenters": {
      "correlation": 0.22036702513352197,
      "p_value": 0.3795684399532726,
      "abs_correlation": 0.22036702513352197
    },
    "contestant_prop_writers": {
      "correlation": -0.06718752701999901,
      "p_value": 0.7910964064369486,
      "abs_correlation": 0.06718752701999901
    },
    "contestant_avg_experience": {
      "correlation": 0.04528221968158964,
      "p_value": 0.8583974267246366,
      "abs_correlation": 0.04528221968158964
    },
    "contestant_std_experience": {
      "correlation": -0.3292846311435765,
      "p_value": 0.1821004446766905,
      "abs_correlation": 0.3292846311435765
    },
    "contestant_experience_range": {
      "correlation": -0.27350790357222343,
      "p_value": 0.2721178177491851,
      "abs_correlation": 0.27350790357222343
    },
    "series_order": {
      "correlation": -0.5970218559437536,
      "p_value": 0.008899171055586805,
      "abs_correlation": 0.5970218559437536
    },
    "is_early_series": {
      "correlation": 0.4428379724733605,
      "p_value": 0.06570494413087064,
      "abs_correlation": 0.4428379724733605
    },
    "is_middle_series": {
      "correlation": 0.07699440909660367,
      "p_value": 0.7613875544043197,
      "abs_correlation": 0.07699440909660367
    },
    "is_recent_series": {
      "correlation": -0.5003837687169419,
      "p_value": 0.03443900512526712,
      "abs_correlation": 0.5003837687169419
    },
    "series_squared": {
      "correlation": -0.6603671636472268,
      "p_value": 0.002855788349794227,
      "abs_correlation": 0.6603671636472268
    }
  }
}